ds,yhat
2026-09-17 04:00:00+00:00,69.46557958576042
2026-09-17 05:00:00+00:00,68.75661284510302
2026-09-17 06:00:00+00:00,68.21642723462473
2026-09-17 07:00:00+00:00,67.78793039877243
2026-09-17 08:00:00+00:00,67.37088970448728
2026-09-17 09:00:00+00:00,67.06707590015864
2026-09-17 10:00:00+00:00,67.28008452615603
2026-09-17 11:00:00+00:00,68.4863215532408
2026-09-17 12:00:00+00:00,70.82922811754342
2026-09-17 13:00:00+00:00,73.90433472951712
2026-09-17 14:00:00+00:00,76.96300109362265
2026-09-17 15:00:00+00:00,79.38386953814705
2026-09-17 16:00:00+00:00,81.00673476965247
2026-09-17 17:00:00+00:00,82.04799981289666
2026-09-17 18:00:00+00:00,82.70881062334485
2026-09-17 19:00:00+00:00,82.87154089493757
2026-09-17 20:00:00+00:00,82.18352808781698
2026-09-17 21:00:00+00:00,80.44403925479419
2026-09-17 22:00:00+00:00,77.91305411608951
2026-09-17 23:00:00+00:00,75.2337761530064
2026-09-18 00:00:00+00:00,73.02803742742148
2026-09-18 01:00:00+00:00,71.52235828199731
2026-09-18 02:00:00+00:00,70.52296452264035
2026-09-18 03:00:00+00:00,69.7059270414076
2026-09-18 04:00:00+00:00,68.91911876566712
2026-09-18 05:00:00+00:00,68.22176162452413
2026-09-18 06:00:00+00:00,67.69164042934891
2026-09-18 07:00:00+00:00,67.2717515594107
2026-09-18 08:00:00+00:00,66.86202140394145
2026-09-18 09:00:00+00:00,66.56443951206029
2026-09-18 10:00:00+00:00,66.78286552685793
2026-09-18 11:00:00+00:00,67.99399733804445
2026-09-18 12:00:00+00:00,70.34157649168309
2026-09-18 13:00:00+00:00,73.42142253541157
2026-09-18 14:00:00+00:00,76.48515377851737
2026-09-18 15:00:00+00:00,78.91162375811602
2026-09-18 16:00:00+00:00,80.54077727808061
2026-09-18 17:00:00+00:00,81.58909681462836
2026-09-18 18:00:00+00:00,82.25773242523206
2026-09-18 19:00:00+00:00,82.42898700451686
2026-09-18 20:00:00+00:00,81.75005788173013
2026-09-18 21:00:00+00:00,80.0200129588346
2026-09-18 22:00:00+00:00,77.49858813485584
2026-09-18 23:00:00+00:00,74.8287158067747
2026-09-19 00:00:00+00:00,72.63194896369968
2026-09-19 01:00:00+00:00,71.1345407104438
2026-09-19 02:00:00+00:00,70.14248046466264
2026-09-19 03:00:00+00:00,69.33165048260948
2026-09-19 04:00:00+00:00,68.54979643958217
2026-09-19 05:00:00+00:00,67.85608381925091
2026-09-19 06:00:00+00:00,67.32831635910932
2026-09-19 07:00:00+00:00,66.90958412542852
2026-09-19 08:00:00+00:00,66.49997620544833
2026-09-19 09:00:00+00:00,66.2017033565481
2026-09-19 10:00:00+00:00,66.41889040268308
2026-09-19 11:00:00+00:00,67.6285268036158
2026-09-19 12:00:00+00:00,69.97465263617079
2026-09-19 13:00:00+00:00,73.05337299422753
2026-09-19 14:00:00+00:00,76.11655965194726
2026-09-19 15:00:00+00:00,78.54327059002064
2026-09-19 16:00:00+00:00,80.1735924139005
2026-09-19 17:00:00+00:00,81.22407739430271
2026-09-19 18:00:00+00:00,81.89586891274644
2026-09-19 19:00:00+00:00,82.07118746709021
2026-09-19 20:00:00+00:00,81.39707818647518
2026-09-19 21:00:00+00:00,79.67239765578847
2026-09-19 22:00:00+00:00,77.15662606950974
2026-09-19 23:00:00+00:00,74.49241350195952
2026-09-20 00:00:00+00:00,72.3010235982805
2026-09-20 01:00:00+00:00,70.80843318350217
2026-09-20 02:00:00+00:00,69.8203876601944
2026-09-20 03:00:00+00:00,69.01257453521856
2026-09-20 04:00:00+00:00,68.23260763623855
2026-09-20 05:00:00+00:00,67.53959283582405
2026-09-20 06:00:00+00:00,67.01135088741225
2026-09-20 07:00:00+00:00,66.59106464122682
2026-09-20 08:00:00+00:00,66.17898568155002
2026-09-20 09:00:00+00:00,65.87754613439644
2026-09-20 10:00:00+00:00,66.09113617318711
2026-09-20 11:00:00+00:00,67.29703666314902
2026-09-20 12:00:00+00:00,69.63958540756201
2026-09-20 13:00:00+00:00,72.71517135161194
2026-09-20 14:00:00+00:00,75.77591697034431
2026-09-20 15:00:00+00:00,78.20108076091071
2026-09-20 16:00:00+00:00,79.83088603645504
2026-09-20 17:00:00+00:00,80.88194868816129
2026-09-20 18:00:00+00:00,81.55539833801811
2026-09-20 19:00:00+00:00,81.7333653364896
2026-09-20 20:00:00+00:00,81.06273449235927
2026-09-20 21:00:00+00:00,79.34214291521523
2026-09-20 22:00:00+00:00,76.83080724164755
2026-09-20 23:00:00+00:00,74.17108800513955
2026-09-21 00:00:00+00:00,71.98395321870689
2026-09-21 01:00:00+00:00,70.49509830843567
2026-09-21 02:00:00+00:00,69.51002087819906
2026-09-21 03:00:00+00:00,68.70421131991354
2026-09-21 04:00:00+00:00,67.92515065875081
2026-09-21 05:00:00+00:00,67.23188551510498
2026-09-21 06:00:00+00:00,66.70225515105923
2026-09-21 07:00:00+00:00,66.27953757630657
2026-09-21 08:00:00+00:00,65.86414982556522
2026-09-21 09:00:00+00:00,65.55874858650853
2026-09-21 10:00:00+00:00,65.7679924660469
2026-09-21 11:00:00+00:00,66.96945637450531
2026-09-21 12:00:00+00:00,69.30777773741134
2026-09-21 13:00:00+00:00,72.379630259922
2026-09-21 14:00:00+00:00,75.43738686875517
2026-09-21 15:00:00+00:00,77.86050508362621
2026-09-21 16:00:00+00:00,79.48934218957841
2026-09-21 17:00:00+00:00,80.54057381250279
2026-09-21 18:00:00+00:00,81.21531095363275
2026-09-21 19:00:00+00:00,81.39558822425244
2026-09-21 20:00:00+00:00,80.72812408876068
2026-09-21 21:00:00+00:00,79.01133005630967
2026-09-21 22:00:00+00:00,76.50415332047248
2026-09-21 23:00:00+00:00,73.84865955641251
2026-09-22 00:00:00+00:00,71.66551668680727
2026-09-22 01:00:00+00:00,70.1801353754501
2026-09-22 02:00:00+00:00,69.19776332241042
2026-09-22 03:00:00+00:00,68.39369303775361
2026-09-22 04:00:00+00:00,67.6152733064992
2026-09-22 05:00:00+00:00,66.921493291182
2026-09-22 06:00:00+00:00,66.3902136098791
2026-09-22 07:00:00+00:00,65.96481108373582
2026-09-22 08:00:00+00:00,65.54587235363724
2026-09-22 09:00:00+00:00,65.23628299555311
2026-09-22 10:00:00+00:00,65.44097420533566
2026-09-22 11:00:00+00:00,66.6378185946474
2026-09-22 12:00:00+00:00,68.97175607665638
2026-09-22 13:00:00+00:00,72.03974695561993
2026-09-22 14:00:00+00:00,75.0944152595531
2026-09-22 15:00:00+00:00,77.51541691080058
2026-09-22 16:00:00+00:00,79.14324128525557
2026-09-22 17:00:00+00:00,80.19462069755384
2026-09-22 18:00:00+00:00,80.87064349452045
2026-09-22 19:00:00+00:00,81.0532437728882
2026-09-22 20:00:00+00:00,80.38896843335358
2026-09-22 21:00:00+00:00,78.67599805046284
2026-09-22 22:00:00+00:00,76.17300526357751
2026-09-22 23:00:00+00:00,73.52175632471982
2026-09-23 00:00:00+00:00,71.3426153346033
2026-09-23 01:00:00+00:00,69.86070552692422
2026-09-23 02:00:00+00:00,68.88102325264153
2026-09-23 03:00:00+00:00,68.07866299307324
2026-09-23 04:00:00+00:00,67.30084243260795
2026-09-23 05:00:00+00:00,66.60649560283903
2026-09-23 06:00:00+00:00,66.07350781293218
2026-09-23 07:00:00+00:00,65.64535879164374
2026-09-23 08:00:00+00:00,65.22280934518115
2026-09-23 09:00:00+00:00,64.90897863134505
2026-09-23 10:00:00+00:00,65.10907492614717
2026-09-23 11:00:00+00:00,66.30127250971498
2026-09-23 12:00:00+00:00,68.63081694100107
2026-09-23 13:00:00+00:00,71.69495724392074
2026-09-23 14:00:00+00:00,74.74656947398654
2026-09-23 15:00:00+00:00,77.16550761369055
2026-09-23 16:00:00+00:00,78.7923915316965
2026-09-23 17:00:00+00:00,79.84400747718622
2026-09-23 18:00:00+00:00,80.52141741120597
2026-09-23 19:00:00+00:00,80.70645045346467
2026-09-23 20:00:00+00:00,80.04547704364772
2026-09-23 21:00:00+00:00,78.33644181567804
2026-09-23 22:00:00+00:00,75.83773807361135
2026-09-23 23:00:00+00:00,73.19082840845289
2026-09-24 00:00:00+00:00,71.01576968548567
2026-09-24 01:00:00+00:00,69.53739534413343
2026-09-24 02:00:00+00:00,68.56044922460265
2026-09-24 03:00:00+00:00,67.7598278915424
2026-09-24 04:00:00+00:00,66.98261929885219
2026-09-24 05:00:00+00:00,66.28770487404171
2026-09-24 06:00:00+00:00,65.75299812091536
2026-09-24 07:00:00+00:00,65.32208590977064
2026-09-24 08:00:00+00:00,64.89590788075324
2026-09-24 09:00:00+00:00,64.57782155198554
2026-09-24 10:00:00+00:00,64.7733168363114
2026-09-24 11:00:00+00:00,65.96087370128288
2026-09-24 12:00:00+00:00,68.28604655436007
2026-09-24 13:00:00+00:00,71.34637530344646
2026-09-24 14:00:00+00:00,74.3949890068178
2026-09-24 15:00:00+00:00,76.8119394243402
2026-09-24 16:00:00+00:00,78.43797539397335
2026-09-24 17:00:00+00:00,79.48993443762451
2026-09-24 18:00:00+00:00,80.1688485106618
2026-09-24 19:00:00+00:00,80.35643742354509
2026-09-24 20:00:00+00:00,79.69889040474648
2026-09-24 21:00:00+00:00,77.99391130213584
2026-09-24 22:00:00+00:00,75.49960947284542
2026-09-24 23:00:00+00:00,72.85713978186786
2026-09-25 00:00:00+00:00,70.68624861588289
2026-09-25 01:00:00+00:00,69.21147741749928
2026-09-25 02:00:00+00:00,68.23731650176664
2026-09-25 03:00:00+00:00,67.43846475659754
2026-09-25 04:00:00+00:00,66.66188188012093
2026-09-25 05:00:00+00:00,65.96639930139946
2026-09-25 06:00:00+00:00,65.42996227444328
2026-09-25 07:00:00+00:00,64.996269070943
2026-09-25 08:00:00+00:00,64.56644283568848
2026-09-25 09:00:00+00:00,64.24408420758688
2026-09-25 10:00:00+00:00,64.43496925976123
2026-09-25 11:00:00+00:00,65.61788762352057
2026-09-25 12:00:00+00:00,67.93870571181384
2026-09-25 13:00:00+00:00,70.99525643835801
2026-09-25 14:00:00+00:00,74.04092280617947
2026-09-25 15:00:00+00:00,76.45595405091832
2026-09-25 16:00:00+00:00,78.08122645608556
2026-09-25 17:00:00+00:00,79.13362617549153
2026-09-25 18:00:00+00:00,79.81415158232981
2026-09-25 19:00:00+00:00,80.00440891087953
2026-09-25 20:00:00+00:00,79.35040151325637
2026-09-25 21:00:00+00:00,77.6495877070859
2026-09-25 22:00:00+00:00,75.15978840357491
2026-09-25 23:00:00+00:00,72.52184679501873
2026-09-26 00:00:00+00:00,70.35519566415414
2026-09-26 01:00:00+00:00,68.88408236535058
2026-09-26 02:00:00+00:00,67.91274277263018
2026-09-26 03:00:00+00:00,67.11567841795171
2026-09-26 04:00:00+00:00,66.33972227758606
2026-09-26 05:00:00+00:00,65.64365842275222
2026-09-26 06:00:00+00:00,65.10546742298186
2026-09-26 07:00:00+00:00,64.66896319640666
2026-09-26 08:00:00+00:00,64.23545702608743
2026-09-26 09:00:00+00:00,63.90879737656459
2026-09-26 10:00:00+00:00,64.09505093548667
2026-09-26 11:00:00+00:00,65.27332089729157
2026-09-26 12:00:00+00:00,67.58978875898241
2026-09-26 13:00:00+00:00,70.6425824884011
2026-09-26 14:00:00+00:00,73.68533991267758
2026-09-26 15:00:00+00:00,76.0985073950582
2026-09-26 16:00:00+00:00,77.7230871144085
2026-09-26 17:00:00+00:00,78.77601121191412
2026-09-26 18:00:00+00:00,79.45824092217228
2026-09-26 19:00:00+00:00,79.6512646795733
2026-09-26 20:00:00+00:00,79.00089535885029
2026-09-26 21:00:00+00:00,77.3043410844796
2026-09-26 22:00:00+00:00,74.81912991625997
2026-09-26 23:00:00+00:00,72.18578952704362
2026-09-27 00:00:00+00:00,70.02343607035417
2026-09-27 01:00:00+00:00,68.55602081476206
2026-09-27 02:00:00+00:00,67.5875243591045
2026-09-27 03:00:00+00:00,66.79225126458246
2026-09-27 04:00:00+00:00,66.01690936263718
2026-09-27 05:00:00+00:00,65.32023802649525
2026-09-27 06:00:00+00:00,64.78025670094166
2026-09-27 07:00:00+00:00,64.34089916589046
2026-09-27 08:00:00+00:00,63.90366942480818
2026-09-27 09:00:00+00:00,63.57266840324832
2026-09-27 10:00:00+00:00,63.754257775207044
2026-09-27 11:00:00+00:00,64.92785810813456
2026-09-27 12:00:00+00:00,67.23996897146311
2026-09-27 13:00:00+00:00,70.28901535097695
2026-09-27 14:00:00+00:00,73.32889070446048
2026-09-27 15:00:00+00:00,75.7402381186768
2026-09-27 16:00:00+00:00,77.36418408262807
2026-09-27 17:00:00+00:00,78.41770406880741
2026-09-27 18:00:00+00:00,79.10171862969904
2026-09-27 19:00:00+00:00,79.29759421272453
2026-09-27 20:00:00+00:00,78.65094867220292
2026-09-27 21:00:00+00:00,76.95873535208509
2026-09-27 22:00:00+00:00,74.4781851432947
2026-09-27 23:00:00+00:00,71.84950644708238
2026-09-28 00:00:00+00:00,69.69149585726608
2026-09-28 01:00:00+00:00,68.22780664761652
2026-09-28 02:00:00+00:00,67.26216338396988
2026-09-28 03:00:00+00:00,66.46867410091147
2026-09-28 04:00:00+00:00,65.69392309963163
2026-09-28 05:00:00+00:00,64.9966077288219
2026-09-28 06:00:00+00:00,64.45478985699326
2026-09-28 07:00:00+00:00,64.01252730583056
2026-09-28 08:00:00+00:00,63.5715213243086
2026-09-28 09:00:00+00:00,63.236129859553465
2026-09-28 10:00:00+00:00,63.413013856228815
2026-09-28 11:00:00+00:00,64.5819149704686
2026-09-28 12:00:00+00:00,66.88965373801815
2026-09-28 13:00:00+00:00,69.93495403810077
2026-09-28 14:00:00+00:00,72.97196568958624
2026-09-28 15:00:00+00:00,75.38152803993958
2026-09-28 16:00:00+00:00,77.00489026575731
2026-09-28 17:00:00+00:00,78.0590685013905
2026-09-28 18:00:00+00:00,78.74493908515657
2026-09-28 19:00:00+00:00,78.94374232593675
2026-09-28 20:00:00+00:00,78.30089657171018
2026-09-28 21:00:00+00:00,76.61309587329842
2026-09-28 22:00:00+00:00,74.13726972257764
2026-09-28 23:00:00+00:00,71.51330359084633
2026-09-29 00:00:00+00:00,69.35967167558395
2026-09-29 01:00:00+00:00,67.89972743419915
2026-09-29 02:00:00+00:00,66.93693871668606
2026-09-29 03:00:00+00:00,66.14521753247148
2026-09-29 04:00:00+00:00,65.37102630273357
2026-09-29 05:00:00+00:00,64.67302303657091
2026-09-29 06:00:00+00:00,64.12931556113303
2026-09-29 07:00:00+00:00,63.68408988209939
2026-09-29 08:00:00+00:00,63.239248959581055
2026-09-29 09:00:00+00:00,62.89941224563276
2026-09-29 10:00:00+00:00,63.07154415016816
2026-09-29 11:00:00+00:00,64.23571103746039
2026-09-29 12:00:00+00:00,66.53905720726009
2026-09-29 13:00:00+00:00,69.58060721806517
2026-09-29 14:00:00+00:00,72.61476790319391
2026-09-29 15:00:00+00:00,75.02257434873161
2026-09-29 16:00:00+00:00,76.6453967588545
2026-09-29 17:00:00+00:00,77.70028924714923
2026-09-29 18:00:00+00:00,78.38808041768564
2026-09-29 19:00:00+00:00,78.58988032547784
2026-09-29 20:00:00+00:00,77.95090338422112
2026-09-29 21:00:00+00:00,76.26757991469975
2026-09-29 22:00:00+00:00,73.79653386774106
2026-09-29 23:00:00+00:00,71.17732422089134
2026-09-30 00:00:00+00:00,69.02810003305102
2026-09-30 01:00:00+00:00,67.57191321140614
2026-09-30 02:00:00+00:00,66.61197428219937
2026-09-30 03:00:00+00:00,65.82199978810574
2026-09-30 04:00:00+00:00,65.04833195551083
2026-09-30 05:00:00+00:00,64.3495921493883
2026-09-30 06:00:00+00:00,63.80393767569198
2026-09-30 07:00:00+00:00,63.355686827212
2026-09-30 08:00:00+00:00,62.90694867993283
2026-09-30 09:00:00+00:00,62.562608595589616
2026-09-30 10:00:00+00:00,62.7299385528955
2026-09-30 11:00:00+00:00,63.88933314639659
2026-09-30 12:00:00+00:00,66.18826314050499
2026-09-30 13:00:00+00:00,69.22605546863929
2026-09-30 14:00:00+00:00,72.2573745546857
2026-09-30 15:00:00+00:00,74.66345064218872
2026-09-30 16:00:00+00:00,76.28577326595541
2026-09-30 17:00:00+00:00,77.34143182386855
2026-09-30 18:00:00+00:00,78.03120367875846
2026-09-30 19:00:00+00:00,78.23606455399452
2026-09-30 20:00:00+00:00,77.6010205604348
2026-09-30 21:00:00+00:00,75.9222339290356
2026-09-30 22:00:00+00:00,73.45601901708952
2026-09-30 23:00:00+00:00,70.84160484032307
2026-10-01 00:00:00+00:00,68.69681267215698
2026-10-01 01:00:00+00:00,67.24439122405325
2026-10-01 02:00:00+00:00,66.28729316585616
2026-10-01 03:00:00+00:00,65.4990401888378
